PU-PSNR,PU-VSI,PIQE,LPIPS,HDR-VDP3,CVVDP
20.402581941841706,0.9272503322740763,30.410697009216193,0.08450976803022273,7.349821643000085,4.4773736000061035
