PU-PSNR,PU-VSI,PIQE,LPIPS,HDR-VDP3,CVVDP
21.22293230925259,0.9724564401952311,4.055164843488128,0.1599938080591314,8.167284935256529,7.107317924499512
