PU-PSNR,PU-VSI,PIQE,LPIPS,HDR-VDP3,CVVDP
29.088537250206826,0.9782017533970204,32.11928851205254,0.024027361918021652,9.312188486950161,7.584251403808594
