PU-PSNR,PU-VSI,PIQE,LPIPS,HDR-VDP3,CVVDP
29.51758609599209,0.9780564055780073,38.30809396980532,0.025379669359501672,9.202587557966243,7.60385274887085
