CVVDP,HDR-VDP3,PU-PSNR,PU-VSI,PIQE,LPIPS,R-FID,R-FVD,PU-FID,PU-FVD,R-FVD-FIRST,PU-FVD-FIRST
8.790743880801731,8.823088135557052,31.305084249223892,0.9880958524396999,25.04865387490951,0.05511605119929205,0.19307027757167816,75.72053315491837,0.0717911571264267,37.52486032263678,92.73868306076146,39.625516813448094
