PU-PSNR,PU-VSI,PIQE,LPIPS,HDR-VDP3,CVVDP
21.639263452316573,0.924971589959777,28.63669477606754,0.16114022801904118,7.640523886244371,4.804078578948975
