PU-PSNR,PU-VSI,PIQE,LPIPS,HDR-VDP3,CVVDP
29.22495535828962,0.9907672840066872,44.26375933779748,0.048781884505468255,9.257114001826942,8.27402114868164
