PU-PSNR,PU-VSI,PIQE,LPIPS,HDR-VDP3,CVVDP
23.616876014079573,0.9667421910409462,37.8350949950922,0.1213240715510705,8.118325367529502,5.893919944763184
