PU-PSNR,PU-VSI,PIQE,LPIPS,HDR-VDP3,CVVDP
28.93923961148299,0.9900868275506522,44.484261431952305,0.051746958099743896,9.229323214419711,8.164019584655762
