PU-PSNR,PU-VSI,PIQE,LPIPS,HDR-VDP3,CVVDP
26.962562383985777,0.9843170738599512,7.9652130546567905,0.09912930867251228,8.191409384630859,6.652791976928711
