PU-PSNR,PU-VSI,PIQE,LPIPS,HDR-VDP3,CVVDP
11.481021493687312,0.6065892091868968,61.63747118557605,0.87771575941759,-0.8665615782723594,-4.248682975769043
