PU-PSNR,PU-VSI,PIQE,LPIPS,HDR-VDP3,CVVDP
32.356401258798904,0.9923248032869807,19.454212233438565,0.03259546298752813,9.283952172911206,9.550931930541992
