PU-PSNR,PU-VSI,PIQE,LPIPS,HDR-VDP3,CVVDP
24.891822134255108,0.940309604570814,34.80815787013865,0.06951736921773237,8.278094262142094,5.9858012199401855
