PU-PSNR,PU-VSI,PIQE,LPIPS,HDR-VDP3,CVVDP
34.775900141105154,0.9710481592187515,50.902912177550704,0.0702832520884626,9.570255774124295,8.478706359863281
