PU-PSNR,PU-VSI,PIQE,LPIPS,HDR-VDP3,CVVDP
24.98116426013372,0.9063868433126204,41.96990365350206,0.06394012162790579,8.23530497470453,4.002532005310059
