PU-PSNR,PU-VSI,PIQE,LPIPS,HDR-VDP3,CVVDP
31.240512163323654,0.9947815034092274,8.813677128306725,0.046826145447352356,8.934572739319728,8.4898099899292
