CVVDP,HDR-VDP3,PU-PSNR,PU-VSI,PIQE,LPIPS,R-FID,R-FVD,PU-FID,PU-FVD,R-FVD-FIRST,PU-FVD-FIRST
5.097680187225341,7.448303099752059,21.571183753218705,0.939259103045837,27.45480905227507,0.18977982826969203,1.7970290184020996,371.7142073342988,1.1341552734375,95.80395194927155,369.6539629027782,97.7048710565337
