PU-PSNR,PU-VSI,PIQE,LPIPS,HDR-VDP3,CVVDP
23.571111260360617,0.9434193611492243,29.717976372947387,0.13336452841758728,8.191405345789859,6.268713474273682
