PU-PSNR,PU-VSI,PIQE,LPIPS,HDR-VDP3,CVVDP
25.26823654836658,0.9582552786682537,29.142506029551118,0.047007892938221205,8.495147462676409,6.490621089935303
