PU-PSNR,PU-VSI,PIQE,LPIPS,HDR-VDP3,CVVDP
13.736137390099847,0.8744863115425303,45.03839762490421,0.4632434915093815,2.0495555084017347,-0.02367877960205078
