PU-PSNR,PU-VSI,PIQE,LPIPS,HDR-VDP3,CVVDP
30.242058075788556,0.991434204123326,6.916766629815938,0.07050819519688101,8.60345827346952,8.07107162475586
