PU-PSNR,PU-VSI,PIQE,LPIPS,HDR-VDP3,CVVDP
31.598682687117254,0.9945166788097656,31.87043607381798,0.021105504759094295,8.735493839213696,9.340774536132812
