CVVDP,HDR-VDP3,PU-PSNR,PU-VSI,PIQE,LPIPS,R-FID,R-FVD,PU-FID,PU-FVD,R-FVD-FIRST,PU-FVD-FIRST
0.48862287733289933,5.654480553933393,21.460171601435192,0.9362962037927891,31.069775415268047,0.2877662858371836,1.6161431074142456,621.3993843641122,1.4875227212905884,654.3972624261235,445.87959677940944,359.11474864843115
