CVVDP,HDR-VDP3,PU-PSNR,PU-VSI,PIQE,LPIPS,R-FID,R-FVD,PU-FID,PU-FVD,R-FVD-FIRST,PU-FVD-FIRST
7.253912660810682,8.459674826556668,27.66425047352799,0.9698405678014694,27.029826021793887,0.05933807998457376,0.030918007716536522,55.61574255742417,0.028336402028799057,69.29860126475955,55.8767416761965,63.56245222810559
