PU-PSNR,PU-VSI,PIQE,LPIPS,HDR-VDP3,CVVDP
25.676774286394025,0.981476620843528,34.632541544514154,0.07158875991316403,8.862101075554756,6.982690334320068
