PU-PSNR,PU-VSI,PIQE,LPIPS,HDR-VDP3,CVVDP
34.29751812366528,0.9976546572411134,5.067400428673479,0.049162313999498594,8.688441536283833,9.42378044128418
