PU-PSNR,PU-VSI,PIQE,LPIPS,HDR-VDP3,CVVDP
27.76187853642275,0.9891080220640468,23.250031650309893,0.045292427653775495,8.879234436198303,8.606365203857422
