PU-PSNR,PU-VSI,PIQE,LPIPS,HDR-VDP3,CVVDP
32.16788502337097,0.9590057307553799,41.55761505208921,0.06467183284899768,9.20746240474894,8.218256950378418
