PU-PSNR,PU-VSI,PIQE,LPIPS,HDR-VDP3,CVVDP
30.228259558723963,0.9770487842447717,33.53417941013282,0.030263374066528154,9.276478964346666,8.218164443969727
