PU-PSNR,PU-VSI,PIQE,LPIPS,HDR-VDP3,CVVDP
24.425132859559145,0.9669958834218313,46.695719016513955,0.11489702848827138,8.140674892432637,6.070582866668701
