PU-PSNR,PU-VSI,PIQE,LPIPS,HDR-VDP3,CVVDP
25.257389134717894,0.9584278190961212,29.16017188633585,0.04803581316681469,8.486620233882329,6.490277290344238
