PU-PSNR,PU-VSI,PIQE,LPIPS,HDR-VDP3,CVVDP
35.01872592738489,0.9964661864088359,4.6629508136611095,0.026708297431468964,8.698287558290644,9.62887954711914
