PU-PSNR,PU-VSI,PIQE,LPIPS,HDR-VDP3,CVVDP
27.626328013353344,0.9888086965675301,37.244380281775875,0.05877209389034439,9.051172903987972,8.16606616973877
