PU-PSNR,PU-VSI,PIQE,LPIPS,HDR-VDP3,CVVDP
28.903609785634032,0.9925675111562282,20.32020436646139,0.0686652949627708,8.800152850194035,9.049447059631348
