PU-PSNR,PU-VSI,PIQE,LPIPS,HDR-VDP3,CVVDP
26.521971025781973,0.9867152568227496,9.323362008419936,0.10615021516295041,8.39000279954138,8.899137496948242
