PU-PSNR,PU-VSI,PIQE,LPIPS,HDR-VDP3,CVVDP
10.162070405433473,0.7267492833396088,85.97252080777241,0.725828626576592,-1.2889010888504888,-2.832913398742676
