PU-PSNR,PU-VSI,PIQE,LPIPS,HDR-VDP3,CVVDP
30.259031079040696,0.9772540135867743,33.52808908562841,0.029460415682371927,9.284436808316931,8.218908309936523
