PU-PSNR,PU-VSI,PIQE,LPIPS,HDR-VDP3,CVVDP
23.036827064748227,0.9461775773840856,34.60970149028492,0.12974926566376405,7.834579373572437,5.592073440551758
