PU-PSNR,PU-VSI,PIQE,LPIPS,HDR-VDP3,CVVDP
24.960058962766794,0.9064710783799448,41.59031553726877,0.06441738894757103,8.18373158979511,3.9692583084106445
