PU-PSNR,PU-VSI,PIQE,LPIPS,HDR-VDP3,CVVDP
26.375678818953205,0.9777216707560737,47.28271365601555,0.08684825984870687,8.72627016921138,6.878350257873535
