PU-PSNR,PU-VSI,PIQE,LPIPS,HDR-VDP3,CVVDP
20.628638222951036,0.9675649976485479,12.757605567568076,0.4059828765252057,5.941189879766276,6.460088729858398
