PU-PSNR,PU-VSI,PIQE,LPIPS,HDR-VDP3,CVVDP
31.402516115996665,0.9937155616965773,7.030477541461068,0.054285260465215236,8.91476349807032,8.76055908203125
