PU-PSNR,PU-VSI,PIQE,LPIPS,HDR-VDP3,CVVDP
29.06166202995778,0.978050539739043,31.9971348544493,0.02472798340022564,9.303870728021296,7.581615447998047
