PU-PSNR,PU-VSI,PIQE,LPIPS,HDR-VDP3,CVVDP
19.30503847350397,0.8782798977019299,29.191937823552788,0.10222174139583812,5.101099027902921,3.9427428245544434
