PU-PSNR,PU-VSI,PIQE,LPIPS,HDR-VDP3,CVVDP
19.297619725778336,0.9479191369854251,4.360653373210974,0.21040670223095836,7.528163044194237,5.1514892578125
