PU-PSNR,PU-VSI,PIQE,LPIPS,HDR-VDP3,CVVDP
21.84519260989884,0.9606880286473992,26.75948110610566,0.12335438500432407,7.707570985972188,5.843596458435059
