PU-PSNR,PU-VSI,PIQE,LPIPS,HDR-VDP3,CVVDP
28.644888620482945,0.9854313015744037,18.509977862151075,0.05968589248026118,8.951644905853618,9.290132522583008
