PU-PSNR,PU-VSI,PIQE,LPIPS,HDR-VDP3,CVVDP
7.876786165997574,0.8596239984787009,34.28988678291927,0.7299494988778058,1.7081332837822127,-6.095935821533203
