PU-PSNR,PU-VSI,PIQE,LPIPS,HDR-VDP3,CVVDP
23.468879737824786,0.9775594984218107,3.5418747697134516,0.13784262537956238,8.877782947381565,9.06191349029541
