CVVDP,HDR-VDP3,PU-PSNR,PU-VSI,PIQE,LPIPS,R-FID,R-FVD,PU-FID,PU-FVD,R-FVD-FIRST,PU-FVD-FIRST
7.252408981323242,8.465216636397326,27.692453799095162,0.9698768970116972,27.03482189264081,0.058620244094164546,0.028813011944293976,55.854240794048025,0.027036063373088837,67.62373111295727,55.23272201581057,63.038990088586516
