PU-PSNR,PU-VSI,PIQE,LPIPS,HDR-VDP3,CVVDP
20.632437698148646,0.9676383288602848,12.803099365097717,0.4060271768008961,5.939974585800735,6.462628364562988
