PU-PSNR,PU-VSI,PIQE,LPIPS,HDR-VDP3,CVVDP
23.20680243596918,0.9702482835182094,26.750607622270973,0.10116664889980764,8.05879123223956,6.339559555053711
