CVVDP,HDR-VDP3,PU-PSNR,PU-VSI,PIQE,LPIPS,R-FID,R-FVD,PU-FID,PU-FVD,R-FVD-FIRST,PU-FVD-FIRST
8.022802776760525,9.002846860049205,30.204140116256013,0.9821167002264287,27.661885349184203,0.04947951960748707,0.07796237617731094,81.15356115529954,0.0232626311480999,62.48672158446679,107.56191700345785,89.30728142176639
