PU-PSNR,PU-VSI,PIQE,LPIPS,HDR-VDP3,CVVDP
28.40798943240475,0.9824957796077847,4.807804017575005,0.10633232707486433,7.364075712821438,8.173537254333496
