PU-PSNR,PU-VSI,PIQE,LPIPS,HDR-VDP3,CVVDP
30.136370154755728,0.9925213754714521,31.109653130529917,0.03403921863612007,9.302411590665892,7.4308037757873535
