PU-PSNR,PU-VSI,PIQE,LPIPS,HDR-VDP3,CVVDP
22.603508786638276,0.9625632667144899,9.298182062808793,0.19077891549643347,8.071264406739331,6.258556842803955
