PU-PSNR,PU-VSI,PIQE,LPIPS,HDR-VDP3,CVVDP
26.009324348760934,0.9780516309249732,21.111416995634734,0.08036654486375697,8.288425167878083,6.58657169342041
