PU-PSNR,PU-VSI,PIQE,LPIPS,HDR-VDP3,CVVDP
24.892168251669375,0.940302573903583,35.110868403725135,0.06972454312969656,8.278963275777318,5.984674453735352
