PU-PSNR,PU-VSI,PIQE,LPIPS,HDR-VDP3,CVVDP
20.96802810689316,0.9498345042943489,21.788691661400748,0.15000113494255962,7.882580719213902,5.829390048980713
