PU-PSNR,PU-VSI,PIQE,LPIPS,HDR-VDP3,CVVDP
16.041592017891105,0.9133287710010621,46.174415237988775,0.2998261968879139,5.254718732130665,-0.46845054626464844
