PU-PSNR,PU-VSI,PIQE,LPIPS,HDR-VDP3,CVVDP
15.148597228181886,0.8747180487107596,51.233299226322536,0.31162726177888755,6.0025719994324716,2.023810386657715
