PU-PSNR,PU-VSI,PIQE,LPIPS,HDR-VDP3,CVVDP
29.023044854627248,0.9903244107016647,23.59533858954022,0.06840657749596764,8.953094651577432,8.195633888244629
