PU-PSNR,PU-VSI,PIQE,LPIPS,HDR-VDP3,CVVDP
16.041650730661786,0.9133662679197575,46.37287663525339,0.30009109570699577,5.2580103540396,-0.46776294708251953
