PU-PSNR,PU-VSI,PIQE,LPIPS,HDR-VDP3,CVVDP
19.823375378517795,0.8907930218451696,31.764488941278984,0.11061552517554339,3.7791964745406403,4.969134330749512
