PU-PSNR,PU-VSI,PIQE,LPIPS,HDR-VDP3,CVVDP
23.62620326167504,0.9437134032711965,29.84511150595563,0.1318964975721696,8.224275592163632,6.276505470275879
