CVVDP,HDR-VDP3,PU-PSNR,PU-VSI,PIQE,LPIPS,R-FID,R-FVD,PU-FID,PU-FVD,R-FVD-FIRST,PU-FVD-FIRST
0.5244317584567599,5.654861652271117,21.460797375991007,0.9362753144742616,30.27377327189417,0.28791932720885755,1.6154569387435913,622.5692750077262,1.490145206451416,660.687338311568,445.244195949793,352.33212189794034
