PU-PSNR,PU-VSI,PIQE,LPIPS,HDR-VDP3,CVVDP
32.6983222358937,0.9943023519810201,23.884043855838275,0.013557056677253806,8.92454570995865,9.366004943847656
