PU-PSNR,PU-VSI,PIQE,LPIPS,HDR-VDP3,CVVDP
28.805638625695817,0.9774287385689209,32.142668188306956,0.025958151830469862,9.266727892513902,7.531147480010986
