PU-PSNR,PU-VSI,PIQE,LPIPS,HDR-VDP3,CVVDP
22.838356309784643,0.956102623708117,9.679809117053857,0.16824687403791092,8.528518814981734,7.737076282501221
