PU-PSNR,PU-VSI,PIQE,LPIPS,HDR-VDP3,CVVDP
24.89475231454368,0.9798373637167982,6.4652355389439204,0.19714138875989354,5.993924195041677,7.106215000152588
