PU-PSNR,PU-VSI,PIQE,LPIPS,HDR-VDP3,CVVDP
31.403862171876614,0.9948260350436908,8.61737017556584,0.04687771924278315,8.940800890253145,8.491228103637695
