PU-PSNR,PU-VSI,PIQE,LPIPS,HDR-VDP3,CVVDP
36.978240739907356,0.9982679567756646,38.08291051161351,0.010175708681344986,9.509865037352832,9.305936813354492
