CVVDP,HDR-VDP3,PU-PSNR,PU-VSI,PIQE,LPIPS,R-FID,R-FVD,PU-FID,PU-FVD,R-FVD-FIRST,PU-FVD-FIRST
8.787258519066704,8.827447824160167,31.268746854515758,0.9880758325623024,25.221049116515793,0.05452980308069123,0.19093351066112518,74.37373364296074,0.06817968189716339,37.34503656045234,90.77619631880859,38.43934548499402
