PU-PSNR,PU-VSI,PIQE,LPIPS,HDR-VDP3,CVVDP
23.530196430863818,0.9444231178003912,42.847842179289664,0.04487609819454305,7.0046565577653865,6.212756156921387
