PU-PSNR,PU-VSI,PIQE,LPIPS,HDR-VDP3,CVVDP
25.531606300006633,0.9622753308460393,7.199620101749833,0.17090700829730315,6.405621394121406,6.652770042419434
