PU-PSNR,PU-VSI,PIQE,LPIPS,HDR-VDP3,CVVDP
14.381084553003166,0.8349767125204216,41.436508102341634,0.6459125806303585,2.6861754773906874,-1.404801368713379
