PU-PSNR,PU-VSI,PIQE,LPIPS,HDR-VDP3,CVVDP
28.41267703446353,0.9863258236429036,1.5835577281815436,0.0632047576501089,8.518609603171578,9.28978443145752
