PU-PSNR,PU-VSI,PIQE,LPIPS,HDR-VDP3,CVVDP
30.23684022143171,0.9912292849447963,6.866031933811145,0.07225601484670359,8.542199571408672,8.049117088317871
