PU-PSNR,PU-VSI,PIQE,LPIPS,HDR-VDP3,CVVDP
23.533406441237606,0.9445438967111649,42.786441181457725,0.04406247770085054,7.0275704771058125,6.214203357696533
