PU-PSNR,PU-VSI,PIQE,LPIPS,HDR-VDP3,CVVDP
20.9370552380719,0.9675501889096936,4.26599439001654,0.1607755554072997,8.025142856481393,6.529938697814941
