PU-PSNR,PU-VSI,PIQE,LPIPS,HDR-VDP3,CVVDP
29.464271006744614,0.9788854752482433,37.273885463679164,0.02743793498067295,9.195977020144104,7.593276023864746
