PU-PSNR,PU-VSI,PIQE,LPIPS,HDR-VDP3,CVVDP
37.07100676886324,0.9983283522864324,37.94521913653716,0.010195594828794985,9.510219337678611,9.317644119262695
