PU-PSNR,PU-VSI,PIQE,LPIPS,HDR-VDP3,CVVDP
34.6079029385989,0.9707127233064337,51.4329659792682,0.07227981222026489,9.549552627862285,8.437816619873047
