PU-PSNR,PU-VSI,PIQE,LPIPS,HDR-VDP3,CVVDP
32.154765697147695,0.958729799141873,40.89309750582499,0.06537235352922888,9.190031665937138,8.201508522033691
