PU-PSNR,PU-VSI,PIQE,LPIPS,HDR-VDP3,CVVDP
25.07656576384786,0.976363440146559,38.25909175964358,0.09740403776659685,8.565580141964611,6.795040130615234
