PU-PSNR,PU-VSI,PIQE,LPIPS,HDR-VDP3,CVVDP
29.588607953583878,0.9896491197006732,11.299834518404351,0.0647256571580382,8.896632090353533,9.232220649719238
