PU-PSNR,PU-VSI,PIQE,LPIPS,HDR-VDP3,CVVDP
26.93210006152199,0.9842758898172752,7.816166089970274,0.09966970410417109,8.191334917184136,6.660732746124268
