PU-PSNR,PU-VSI,PIQE,LPIPS,HDR-VDP3,CVVDP
20.46960255127698,0.9132365265829824,30.46634760395565,0.17836053669452667,7.355237778687207,4.249057292938232
