PU-PSNR,PU-VSI,PIQE,LPIPS,HDR-VDP3,CVVDP
22.059311171697143,0.9410343865852446,39.69272593552372,0.15718931660932653,7.74527621757624,5.585319519042969
