PU-PSNR,PU-VSI,PIQE,LPIPS,HDR-VDP3,CVVDP
24.813012318192154,0.9840961299659466,21.237674631365184,0.08358295305686839,8.743506207275635,8.205005645751953
