PU-PSNR,PU-VSI,PIQE,LPIPS,HDR-VDP3,CVVDP
28.499798400443098,0.984330128797586,4.933720537600215,0.1042507084853509,7.859929516991559,8.256012916564941
