PU-PSNR,PU-VSI,PIQE,LPIPS,HDR-VDP3,CVVDP
35.00843038713945,0.9561672959375166,50.71718489808405,0.05620604906888569,9.609068783271736,8.816474914550781
