PU-PSNR,PU-VSI,PIQE,LPIPS,HDR-VDP3,CVVDP
28.59598323803083,0.9892480263197306,19.564632193765565,0.06450448864523102,8.98132315211952,8.96186351776123
