PU-PSNR,PU-VSI,PIQE,LPIPS,HDR-VDP3,CVVDP
13.520124610880561,0.7593416752364623,52.61754510127142,0.7557984906084397,0.4018596635156786,-2.620168685913086
