PU-PSNR,PU-VSI,PIQE,LPIPS,HDR-VDP3,CVVDP
31.714204877803247,0.995771046787645,9.177427061589002,0.0517866696943255,9.091309000772506,9.471566200256348
