PU-PSNR,PU-VSI,PIQE,LPIPS,HDR-VDP3,CVVDP
34.691175795200515,0.9708735312437281,50.67747974423534,0.0709490114275147,9.561863088841164,8.46064567565918
