PU-PSNR,PU-VSI,PIQE,LPIPS,HDR-VDP3,CVVDP
33.68086342800873,0.9966477617127936,36.49915164330884,0.013572034973870306,9.58550540670116,9.208280563354492
