PU-PSNR,PU-VSI,PIQE,LPIPS,HDR-VDP3,CVVDP
26.114481766737658,0.983564919992253,27.43722542432939,0.06829758602030137,8.610426920652921,7.454485893249512
