PU-PSNR,PU-VSI,PIQE,LPIPS,HDR-VDP3,CVVDP
25.805553560252946,0.9911354420593609,5.776499005590937,0.06912945079452851,8.78698102574414,9.076800346374512
