CVVDP,HDR-VDP3,PU-PSNR,PU-VSI,PIQE,LPIPS,R-FID,R-FVD,PU-FID,PU-FVD,R-FVD-FIRST,PU-FVD-FIRST
6.063180181715223,7.438526551515679,25.00628586703086,0.9424687218292441,25.444332280142255,0.07737937211698177,0.048982102423906326,112.99526157217244,0.05204300954937935,171.2172264185333,149.88330133467534,172.4043437104264
