PU-PSNR,PU-VSI,PIQE,LPIPS,HDR-VDP3,CVVDP
13.731374076385663,0.8743860707822757,44.12660663699702,0.46339162482934837,2.0474103755332784,-0.025049209594726562
