PU-PSNR,PU-VSI,PIQE,LPIPS,HDR-VDP3,CVVDP
29.822390669569568,0.9919412957488802,31.41482218996032,0.03847956043832442,9.256754084878432,7.370026588439941
