PU-PSNR,PU-VSI,PIQE,LPIPS,HDR-VDP3,CVVDP
35.06711136771314,0.9967134114840673,32.1711552905699,0.013954205164576279,9.669534422800856,9.22752571105957
