PU-PSNR,PU-VSI,PIQE,LPIPS,HDR-VDP3,CVVDP
20.403018800986434,0.9272620051625242,29.816057308067414,0.08430226366309558,7.349768469751791,4.4745402336120605
