PU-PSNR,PU-VSI,PIQE,LPIPS,HDR-VDP3,CVVDP
23.25768801623275,0.9592069027693448,9.788097135525456,0.1592822329086416,8.582919240026943,7.909270286560059
