PU-PSNR,PU-VSI,PIQE,LPIPS,HDR-VDP3,CVVDP
21.521170519590207,0.948972976822651,49.40244517753816,0.09893021381953183,8.044962887335927,6.3172125816345215
