PU-PSNR,PU-VSI,PIQE,LPIPS,HDR-VDP3,CVVDP
28.868881274971738,0.9924245292890371,20.578428618747047,0.0694021389764898,8.795108134660717,9.033023834228516
