PU-PSNR,PU-VSI,PIQE,LPIPS,HDR-VDP3,CVVDP
30.04439610068084,0.9760175955773145,33.49194631949599,0.031306282343233335,9.226879034457017,8.184974670410156
