PU-PSNR,PU-VSI,PIQE,LPIPS,HDR-VDP3,CVVDP
24.612903355534176,0.9834955539565998,20.843594922471848,0.08689073034945656,8.700353957264209,8.023544311523438
