PU-PSNR,PU-VSI,PIQE,LPIPS,HDR-VDP3,CVVDP
20.952575832153773,0.9685080448862733,4.1121293238350525,0.16837587251382716,8.100895013077642,6.960794448852539
