PU-PSNR,PU-VSI,PIQE,LPIPS,HDR-VDP3,CVVDP
34.695020196312804,0.9708996374669693,52.61074423121938,0.07155208201969371,9.558604228241169,8.45812702178955
