PU-PSNR,PU-VSI,PIQE,LPIPS,HDR-VDP3,CVVDP
27.729169039006106,0.9889440040431099,23.386922736062882,0.04529445859439233,8.873992703333018,8.597110748291016
