PU-PSNR,PU-VSI,PIQE,LPIPS,HDR-VDP3,CVVDP
13.36799749903917,0.7254899953153924,31.48755350245374,0.838242884944467,2.181686138739992,-3.4059886932373047
