CVVDP,HDR-VDP3,PU-PSNR,PU-VSI,PIQE,LPIPS,R-FID,R-FVD,PU-FID,PU-FVD,R-FVD-FIRST,PU-FVD-FIRST
6.413073396682739,8.070963660304812,23.38324694747,0.9597613607224161,27.888331628681087,0.1285872785922359,1.4242385625839233,317.78823045453544,0.6091650724411011,62.70554001678009,322.5947920445429,64.6474910780821
