PU-PSNR,PU-VSI,PIQE,LPIPS,HDR-VDP3,CVVDP
35.0808284369361,0.9563689584346567,50.529183873945726,0.054336896056638044,9.615252922479456,8.812071800231934
