PU-PSNR,PU-VSI,PIQE,LPIPS,HDR-VDP3,CVVDP
30.073373799000453,0.9761979341766204,33.6830510418908,0.030510321588200683,9.23452001612904,8.185033798217773
