PU-PSNR,PU-VSI,PIQE,LPIPS,HDR-VDP3,CVVDP
13.835749401637601,0.8831339388974525,32.013874730578266,0.3632952684865278,3.06188709453217,-30.95714569091797
