PU-PSNR,PU-VSI,PIQE,LPIPS,HDR-VDP3,CVVDP
25.676486736916743,0.9814663089565914,35.06342385574813,0.07118540476350223,8.87405164527211,7.02000617980957
