PU-PSNR,PU-VSI,PIQE,LPIPS,HDR-VDP3,CVVDP
28.91283405506765,0.9902805767758037,23.25209260565982,0.06819548238726224,8.935962983158221,8.139220237731934
