PU-PSNR,PU-VSI,PIQE,LPIPS,HDR-VDP3,CVVDP
34.96231309752797,0.996162789347734,4.657419846885328,0.027234264375532374,8.688970060307499,9.642365455627441
