PU-PSNR,PU-VSI,PIQE,LPIPS,HDR-VDP3,CVVDP
10.8233679820704,0.7430683078718943,56.175875993231564,0.7807821526246912,0.546319286869575,-3.338968276977539
