PU-PSNR,PU-VSI,PIQE,LPIPS,HDR-VDP3,CVVDP
25.986791407197735,0.9780622264019911,21.055566097525723,0.08060175969320185,8.28389929802806,6.586038589477539
