PU-PSNR,PU-VSI,PIQE,LPIPS,HDR-VDP3,CVVDP
35.14098162311328,0.9968017443937977,31.734003120513428,0.014091560233603506,9.672638671092217,9.244400978088379
