PU-PSNR,PU-VSI,PIQE,LPIPS,HDR-VDP3,CVVDP
11.03249798281418,0.7480783028434901,42.53002131538707,0.8066645650302663,1.0136963176200424,-3.2199878692626953
