PU-PSNR,PU-VSI,PIQE,LPIPS,HDR-VDP3,CVVDP
24.56081409588088,0.9553990955505848,8.819592891511391,0.19606083806823282,6.433009650066064,6.177104949951172
