PU-PSNR,PU-VSI,PIQE,LPIPS,HDR-VDP3,CVVDP
34.66067726298312,0.9982762360253055,5.335251640401199,0.051085686858962566,8.71009359468365,9.490896224975586
