PU-PSNR,PU-VSI,PIQE,LPIPS,HDR-VDP3,CVVDP
16.804718321816708,0.8551047695281628,32.43671145383604,0.3955305271288928,5.819253642340624,1.2721977233886719
