PU-PSNR,PU-VSI,PIQE,LPIPS,HDR-VDP3,CVVDP
29.508884674989282,0.978978727666655,37.164076112456826,0.026688556679907965,9.20308060916254,7.598333358764648
