PU-PSNR,PU-VSI,PIQE,LPIPS,HDR-VDP3,CVVDP
31.62112561924909,0.9945585066653524,32.34416418665108,0.02112980219809448,8.729676109088823,9.357287406921387
