CVVDP,HDR-VDP3,PU-PSNR,PU-VSI,PIQE,LPIPS,R-FID,R-FVD,PU-FID,PU-FVD,R-FVD-FIRST,PU-FVD-FIRST
6.068459934658474,7.405550872572711,24.98648079818284,0.9423621586781742,25.670120666041342,0.0775084817185511,0.04848874360322952,113.73728358509989,0.05222168192267418,172.34706518292612,149.91438236641386,173.1969969654017
