PU-PSNR,PU-VSI,PIQE,LPIPS,HDR-VDP3,CVVDP
25.8918108761495,0.9831231902890448,26.904591853931123,0.0703110714607379,8.597480550612913,7.456751823425293
