PU-PSNR,PU-VSI,PIQE,LPIPS,HDR-VDP3,CVVDP
33.778113349216504,0.9947100114709257,26.529394188050325,0.016493255929911837,9.300610838332528,9.143646240234375
