PU-PSNR,PU-VSI,PIQE,LPIPS,HDR-VDP3,CVVDP
29.468025328055845,0.9725931889505172,30.836150675399367,0.031920629170011074,9.016200761764845,7.414968013763428
