CVVDP,HDR-VDP3,PU-PSNR,PU-VSI,PIQE,LPIPS,R-FID,R-FVD,PU-FID,PU-FVD,R-FVD-FIRST,PU-FVD-FIRST
9.12199821472168,8.804231733358662,27.74940880304442,0.9890266958387325,10.726900939485498,0.07540112447870129,0.1839713156223297,117.07000396865166,0.09549654275178909,38.100689984214675,122.18689358149031,41.341343784873985
