PU-PSNR,PU-VSI,PIQE,LPIPS,HDR-VDP3,CVVDP
29.156390816115998,0.9727406696361776,30.209888719496483,0.033808636752998125,8.973939837720168,7.358620643615723
