PU-PSNR,PU-VSI,PIQE,LPIPS,HDR-VDP3,CVVDP
22.55072671509327,0.9457348358924085,39.0691562594011,0.14470387206358068,7.897779165668555,5.79273796081543
