PU-PSNR,PU-VSI,PIQE,LPIPS,HDR-VDP3,CVVDP
11.942745384025386,0.7644889932468802,50.48984683353018,0.7205983540591072,0.9539385153773623,-2.2485952377319336
