PU-PSNR,PU-VSI,PIQE,LPIPS,HDR-VDP3,CVVDP
11.310698427012497,0.6230437037652274,43.65898013971303,0.9043056158458486,0.34416782503893784,-3.996180534362793
