PU-PSNR,PU-VSI,PIQE,LPIPS,HDR-VDP3,CVVDP
24.61183235363141,0.9807891257590164,9.879984568102406,0.22817106457317576,6.050122877438739,8.542731285095215
