PU-PSNR,PU-VSI,PIQE,LPIPS,HDR-VDP3,CVVDP
21.82578043812791,0.9606487868614922,26.83550797595486,0.12406007375787287,7.704971744803022,5.840224742889404
