PU-PSNR,PU-VSI,PIQE,LPIPS,HDR-VDP3,CVVDP
28.54966862252207,0.9864939120057116,1.6560910458406188,0.06087111791267114,8.524641128876324,9.30594539642334
