PU-PSNR,PU-VSI,PIQE,LPIPS,HDR-VDP3,CVVDP
19.303855859544655,0.8780683956349068,29.297267357612704,0.10224808840190663,5.016387147099554,3.943918228149414
