PU-PSNR,PU-VSI,PIQE,LPIPS,HDR-VDP3,CVVDP
31.43076889231733,0.9935455393772646,6.887506226590559,0.05567752131644417,8.883120446733583,8.746145248413086
