PU-PSNR,PU-VSI,PIQE,LPIPS,HDR-VDP3,CVVDP
22.35646064273554,0.959583357980965,47.32818406274122,0.07223508287878598,8.579607513270517,7.290729999542236
