PU-PSNR,PU-VSI,PIQE,LPIPS,HDR-VDP3,CVVDP
29.465105528997157,0.9779459528128989,37.971928321517396,0.025893543244284743,9.195926096187165,7.597644805908203
