CVVDP,HDR-VDP3,PU-PSNR,PU-VSI,PIQE,LPIPS,R-FID,R-FVD,PU-FID,PU-FVD,R-FVD-FIRST,PU-FVD-FIRST
-2.977324199676514,0.5501472283192037,11.938001313218603,0.7276856753655533,53.52822624589389,0.7820663094520569,9.56123161315918,1080.9162149327994,37.291622161865234,1589.992952942189,1055.1068964452886,1507.7621143623592
