PU-PSNR,PU-VSI,PIQE,LPIPS,HDR-VDP3,CVVDP
28.826854739947628,0.9775532421219775,32.78106363272965,0.025257773478241527,9.27395238416583,7.534090995788574
