CVVDP,HDR-VDP3,PU-PSNR,PU-VSI,PIQE,LPIPS,R-FID,R-FVD,PU-FID,PU-FVD,R-FVD-FIRST,PU-FVD-FIRST
8.028054926130507,9.006913861314688,30.21634984343568,0.9821424784663356,27.349402389765373,0.050023565750593454,0.0792401134967804,83.54734642306938,0.02389071322977543,64.37592216187686,104.65476852973138,90.83450452900496
