PU-PSNR,PU-VSI,PIQE,LPIPS,HDR-VDP3,CVVDP
26.07113178810623,0.9835532380760266,27.046490323731387,0.06908649819738724,8.606803920224408,7.4495439529418945
