CVVDP,HDR-VDP3,PU-PSNR,PU-VSI,PIQE,LPIPS,R-FID,R-FVD,PU-FID,PU-FVD,R-FVD-FIRST,PU-FVD-FIRST
7.441078519821167,8.498477366849798,25.26761586772742,0.971438971429941,26.924541974926935,0.10135734460371382,1.0370515584945679,270.27079025609385,0.4700864553451538,52.06931476671386,273.09993216247176,52.678308047908516
