PU-PSNR,PU-VSI,PIQE,LPIPS,HDR-VDP3,CVVDP
24.876590530807547,0.9797866279554905,6.4250012827123335,0.1984203370178447,5.955835126241219,7.072041034698486
