PU-PSNR,PU-VSI,PIQE,LPIPS,HDR-VDP3,CVVDP
34.400571272022525,0.9979791203556704,5.249663037776441,0.05415668009835131,8.71588946944168,9.490351676940918
