PU-PSNR,PU-VSI,PIQE,LPIPS,HDR-VDP3,CVVDP
32.14239432770928,0.958897025534948,43.4785694321558,0.0647969671032008,9.20417458792568,8.214799880981445
