PU-PSNR,PU-VSI,PIQE,LPIPS,HDR-VDP3,CVVDP
34.25417481639106,0.9975724912556816,5.031752029176143,0.05191987731000956,8.694632760255821,9.421892166137695
