PU-PSNR,PU-VSI,PIQE,LPIPS,HDR-VDP3,CVVDP
26.035302170609345,0.9701495567237343,29.81327562270215,0.033879302661208546,8.962705526463742,6.976631164550781
