PU-PSNR,PU-VSI,PIQE,LPIPS,HDR-VDP3,CVVDP
23.461306773206715,0.9637657918408732,10.179759391438022,0.14986291790709777,8.523135613877692,7.730552673339844
