PU-PSNR,PU-VSI,PIQE,LPIPS,HDR-VDP3,CVVDP
29.138238737255364,0.972693518495646,29.25255435752971,0.034354047740207,8.966769405319091,7.354547500610352
