PU-PSNR,PU-VSI,PIQE,LPIPS,HDR-VDP3,CVVDP
7.8769757692450275,0.8597212410324503,33.262968761238,0.7300215994610506,1.7105425035444393,-6.096399307250977
