CVVDP,HDR-VDP3,PU-PSNR,PU-VSI,PIQE,LPIPS,R-FID,R-FVD,PU-FID,PU-FVD,R-FVD-FIRST,PU-FVD-FIRST
8.130703873104519,9.059507534318165,30.403574595525686,0.9824060311148796,27.53299378093812,0.04787934786987071,0.0772823616862297,65.915150572198,0.018430709838867188,53.44752828674277,63.71487218558048,48.03736559505658
