PU-PSNR,PU-VSI,PIQE,LPIPS,HDR-VDP3,CVVDP
19.822075684264036,0.89109346901728,31.3491886541033,0.1106036283514079,4.032846914277638,4.967315673828125
