PU-PSNR,PU-VSI,PIQE,LPIPS,HDR-VDP3,CVVDP
28.927896708103304,0.9902312287912961,23.137486618050634,0.06778239108183805,8.940456636678679,8.143635749816895
