PU-PSNR,PU-VSI,PIQE,LPIPS,HDR-VDP3,CVVDP
27.151623297609753,0.987334593759699,37.87555424975249,0.06518743033794795,9.01497982942651,8.119582176208496
