PU-PSNR,PU-VSI,PIQE,LPIPS,HDR-VDP3,CVVDP
27.44657579295877,0.9868651815147578,22.17125567789009,0.0684178055209272,8.661769793602026,7.266106605529785
