PU-PSNR,PU-VSI,PIQE,LPIPS,HDR-VDP3,CVVDP
34.5149934558895,0.998664308451954,3.338121198631286,0.03208817311507814,8.623361978337368,9.506281852722168
