PU-PSNR,PU-VSI,PIQE,LPIPS,HDR-VDP3,CVVDP
22.577169210841735,0.9606902614170596,47.00186021692458,0.07030425921959035,8.619079186335137,7.160459995269775
