PU-PSNR,PU-VSI,PIQE,LPIPS,HDR-VDP3,CVVDP
34.629240886203945,0.9987475708914805,3.5265200579824194,0.030972813201301238,8.636176473401378,9.497723579406738
