PU-PSNR,PU-VSI,PIQE,LPIPS,HDR-VDP3,CVVDP
26.044685473164265,0.9701557557226382,29.764254247803944,0.033667435760007185,8.963525677417913,6.977344989776611
