CVVDP,HDR-VDP3,PU-PSNR,PU-VSI,PIQE,LPIPS,R-FID,R-FVD,PU-FID,PU-FVD,R-FVD-FIRST,PU-FVD-FIRST
7.386075973510742,8.543188837520711,25.157098666418804,0.9711937568988473,26.92600197549074,0.10300827631179024,1.0522551536560059,285.83814185435676,0.4319973289966583,56.0130365989216,299.4660872168976,66.03205253529124
