PU-PSNR,PU-VSI,PIQE,LPIPS,HDR-VDP3,CVVDP
25.94036343467042,0.9831668961196305,27.099381514010616,0.06951090386685203,8.601387987854189,7.462417125701904
