PU-PSNR,PU-VSI,PIQE,LPIPS,HDR-VDP3,CVVDP
13.833652074059032,0.8832012206918529,28.374562448585987,0.36340949026977315,3.045912913369722,-30.60219955444336
