PU-PSNR,PU-VSI,PIQE,LPIPS,HDR-VDP3,CVVDP
32.647288913749804,0.9942831586074922,23.651080606544575,0.013501406373346554,8.890866912334237,9.36790943145752
