PU-PSNR,PU-VSI,PIQE,LPIPS,HDR-VDP3,CVVDP
29.491478235668385,0.9726693241174073,31.230631679479764,0.03126470525475109,9.024947825616536,7.42181921005249
