PU-PSNR,PU-VSI,PIQE,LPIPS,HDR-VDP3,CVVDP
27.980204748501052,0.9927711865937471,5.918105953532154,0.07946323559564702,8.307625964357905,9.302055358886719
