PU-PSNR,PU-VSI,PIQE,LPIPS,HDR-VDP3,CVVDP
32.130673920799026,0.9586644439388476,41.94153333252339,0.06550455334431984,9.186976674513723,8.198153495788574
