PU-PSNR,PU-VSI,PIQE,LPIPS,HDR-VDP3,CVVDP
23.172064273301988,0.970220741391903,26.338871400379805,0.10189292360754575,8.055164037680168,6.335716247558594
