PU-PSNR,PU-VSI,PIQE,LPIPS,HDR-VDP3,CVVDP
11.358404794219872,0.745030570329258,69.27593947766192,0.7648140647832085,-0.4709082742373899,-2.4569549560546875
