PU-PSNR,PU-VSI,PIQE,LPIPS,HDR-VDP3,CVVDP
28.518453998947013,0.9681847500693576,32.12538392511719,0.0370281110791599,8.915736236547065,7.699771881103516
