CVVDP,HDR-VDP3,PU-PSNR,PU-VSI,PIQE,LPIPS,R-FID,R-FVD,PU-FID,PU-FVD,R-FVD-FIRST,PU-FVD-FIRST
8.12666728761461,9.059388572523236,30.42377218981002,0.9824241909415835,27.61954804486566,0.04724527558226601,0.07359939813613892,62.688760311132654,0.017724094912409782,52.92746241960399,63.06351309553101,47.307455881386005
