PU-PSNR,PU-VSI,PIQE,LPIPS,HDR-VDP3,CVVDP
33.528740882102575,0.9964096614239987,36.89913360217168,0.013560480657307541,9.576951715540545,9.16100788116455
