PU-PSNR,PU-VSI,PIQE,LPIPS,HDR-VDP3,CVVDP
22.817393009383647,0.9896612768202243,4.7030837882499394,0.08812754688894048,8.475063274551259,8.373360633850098
