PU-PSNR,PU-VSI,PIQE,LPIPS,HDR-VDP3,CVVDP
27.406778038341088,0.986822191530779,22.203531232816776,0.06841155579861473,8.654539265255586,7.265259265899658
