PU-PSNR,PU-VSI,PIQE,LPIPS,HDR-VDP3,CVVDP
24.60340719160891,0.9806812262521011,9.8278323376958,0.22816584303098567,6.044887914466201,8.54373550415039
