PU-PSNR,PU-VSI,PIQE,LPIPS,HDR-VDP3,CVVDP
28.519530178795303,0.9681930288969293,31.79310486857284,0.036636963924940896,8.915176799596493,7.7013258934021
