PU-PSNR,PU-VSI,PIQE,LPIPS,HDR-VDP3,CVVDP
33.59954391584186,0.994442941699761,26.45017390488901,0.016433740144266802,9.290505959553283,9.11388111114502
