PU-PSNR,PU-VSI,PIQE,LPIPS,HDR-VDP3,CVVDP
22.71667436272997,0.9669497183871288,20.965128381892868,0.11629240083343842,8.339617056296659,6.878713607788086
