PU-PSNR,PU-VSI,PIQE,LPIPS,HDR-VDP3,CVVDP
29.056109762898235,0.9903031358237158,23.46827720949687,0.06768377344397937,8.96093950489137,8.20201301574707
