Reconstruct, Original, Codec, BPP, MS-SSIM (PyTorch), MS-SSIM (IQA), PSNR_Y, PSNR_U, PSNR_V, VIF, FSIM, NLPD, IW-SSIM, VMAF, PSNR_HVS, MAC/pxl, DecGPU, DecCPU, EncGPU, EncCPU
test, ori.png, CODEC_NAME, 0.001220703125, 0.8754700422286987, 0.737159013748169, 10.80887709861642, 58.99101031445841, 58.99101031445841, 0.45557889342308044, 0.99155193567276, 0.17580391466617584, -100, 55.168029, 6.679726338484886, 196608.0, 3.0, 0.002263, None, None, None
