PU-PSNR,PU-VSI,PU-PIQE,PU-LPIPS,HDR-VDP3,CVVDP
45.75191332445328,0.9894024799908079,100.0,0.15083483387442195,9.870792085633298,9.775079727172852
