PU-PSNR,PU-VSI,PU-PIQE,PU-LPIPS,HDR-VDP3,CVVDP
23.76078173389108,0.9704307086689534,21.973348094436943,0.2959046854692347,7.60489592340369,5.759809494018555
