PU-PSNR,PU-VSI,PU-PIQE,PU-LPIPS,HDR-VDP3,CVVDP
24.0392992549682,0.9744281056239631,29.55113064998461,0.1466807891779086,7.638834861985975,6.368432521820068
