PU-PSNR,PU-VSI,PU-PIQE,PU-LPIPS,HDR-VDP3,CVVDP
44.58953317938632,0.9880319666031452,100.0,0.08014557116171893,9.868815818504471,9.690194129943848
