PU-PSNR,PU-VSI,PU-PIQE,PU-LPIPS,HDR-VDP3,CVVDP
28.381443893306738,0.9624094552388565,39.34821060526566,0.042243390837136435,8.745867036723372,7.253724098205566
