PU-PSNR,PU-VSI,PU-PIQE,PU-LPIPS,HDR-VDP3,CVVDP
29.957786848210148,0.9693642279258853,35.19796852493454,0.050669990918215585,8.646145553900016,7.928500652313232
