PU-PSNR,PU-VSI,PU-PIQE,PU-LPIPS,HDR-VDP3,CVVDP
30.924071683808073,0.9741826800866784,42.309777349047664,0.07808491762946634,8.572068212382447,6.821109771728516
