PU-PSNR,PU-VSI,PU-PIQE,PU-LPIPS,HDR-VDP3,CVVDP
34.45555974080128,0.9964259664725384,45.04916351853923,0.0857653078787467,8.560954356671502,8.380064010620117
