PU-PSNR,PU-VSI,PU-PIQE,PU-LPIPS,HDR-VDP3,CVVDP
26.84835169662226,0.9828180919680816,31.1782891802639,0.08542296421878479,8.595474651135396,7.4599738121032715
