PU-PSNR,PU-VSI,PU-PIQE,PU-LPIPS,HDR-VDP3,CVVDP
24.484683408301926,0.9725444246252178,29.178528225548373,0.09866878828581642,8.172822253851933,6.6968889236450195
