PU-PSNR,PU-VSI,PU-PIQE,PU-LPIPS,HDR-VDP3,CVVDP
31.071020026727872,0.967093272926148,38.727848673897896,0.08101000987431582,8.606322631707217,7.290940284729004
