CVVDP,HDR-VDP3,PU-PSNR,PU-VSI,PU-PIQE,PU-LPIPS,PU-FID,Drago-FID,Mantiuk-FID,PU-FVD,Drago-FVD,Mantiuk-FVD
7.1064281993442115,8.530303618154926,30.139045935413158,0.958884533463401,43.00593068456736,0.06383594284381937,0.0692039206624031,1.0792279243469238,2.5914154052734375,123.20839013370755,162.1966781816072,156.4515111642808
