CVVDP,HDR-VDP3,PU-PSNR,PU-VSI,PU-PIQE,PU-LPIPS,PU-FID,Drago-FID,Mantiuk-FID,PU-FVD,Drago-FVD,Mantiuk-FVD
7.967084460788303,8.647714424732301,33.69633682061867,0.9759272826376498,36.702839971912056,0.10366160846832725,0.08487404137849808,0.8340085744857788,1.6137638092041016,92.28180391561072,200.25339876761095,177.28108087660982
