PU-PSNR,PU-VSI,PU-PIQE,PU-LPIPS,HDR-VDP3,CVVDP
28.920159235937344,0.9605149747700876,33.580040049250954,0.05101080896223292,8.518721233635148,7.397639274597168
