PU-PSNR,PU-VSI,PU-PIQE,PU-LPIPS,HDR-VDP3,CVVDP
34.06300897971963,0.9921222159713433,38.51957407373562,0.04078155383467674,9.258353390440865,7.71830940246582
