PU-PSNR,PU-VSI,PU-PIQE,PU-LPIPS,HDR-VDP3,CVVDP
32.22578303467616,0.9895864628385207,16.5103182853823,0.07352280375712059,8.496412712005029,7.494610786437988
