PU-PSNR,PU-VSI,PU-PIQE,PU-LPIPS,HDR-VDP3,CVVDP
28.989123163356595,0.8857566828825147,52.99247130675039,0.009490561726338723,8.651645500998265,6.018470287322998
