PU-PSNR,PU-VSI,PU-PIQE,PU-LPIPS,HDR-VDP3,CVVDP
34.425823011072495,0.9931888711925727,40.196554506369694,0.10742260252728182,8.556220177545711,8.28133773803711
