PU-PSNR,PU-VSI,PU-PIQE,PU-LPIPS,HDR-VDP3,CVVDP
28.767601369875994,0.8910815731979458,48.09601401495293,0.010694236275466049,8.697042665268482,5.499258995056152
