CVVDP,HDR-VDP3,PU-PSNR,PU-VSI,PU-PIQE,PU-LPIPS,PU-FID,Drago-FID,Mantiuk-FID,PU-FVD,Drago-FVD,Mantiuk-FVD
7.794775274064806,9.00996101873536,32.93092480778761,0.970314815037459,43.608711794533065,0.0573346213212395,0.09977774322032928,1.022411823272705,1.7645618915557861,105.71781235489767,155.03833291731118,158.3462337688108
