PU-PSNR,PU-VSI,PU-PIQE,PU-LPIPS,HDR-VDP3,CVVDP
27.593468450021454,0.9518496168279713,36.51588852098073,0.09761584462488399,8.212505228199024,6.62359619140625
