PU-PSNR,PU-VSI,PU-PIQE,PU-LPIPS,HDR-VDP3,CVVDP
30.962068900037245,0.9729172666900169,40.677624791203,0.03866137586095754,8.902346430618932,7.751739501953125
