PU-PSNR,PU-VSI,PU-PIQE,PU-LPIPS,HDR-VDP3,CVVDP
33.186083414671856,0.9916949215947075,36.43451387287509,0.05291051943512524,8.695744932160421,8.615283012390137
