PU-PSNR,PU-VSI,PU-PIQE,PU-LPIPS,HDR-VDP3,CVVDP
37.59166343779943,0.9963642114269874,40.28480663247184,0.05937778993564494,8.922472934141169,8.602714538574219
