PU-PSNR,PU-VSI,PU-PIQE,PU-LPIPS,HDR-VDP3,CVVDP
28.98286044634985,0.8706248199278527,14.882847138110954,0.007777588140657719,8.737816981874417,6.630757808685303
