PU-PSNR,PU-VSI,PU-PIQE,PU-LPIPS,HDR-VDP3,CVVDP
44.746112778628685,0.991448314432314,50.21008403361344,0.16942619137904225,9.536517788616171,9.724491119384766
