PU-PSNR,PU-VSI,PU-PIQE,PU-LPIPS,HDR-VDP3,CVVDP
42.078847567385125,0.9987396243989596,51.74311130080671,0.0076890022713033595,9.575971866191672,9.340869903564453
