PU-PSNR,PU-VSI,PU-PIQE,PU-LPIPS,HDR-VDP3,CVVDP
37.323413560133034,0.9959921607161817,14.648151083995778,0.037082711015554035,9.28610733914609,8.529328346252441
