PU-PSNR,PU-VSI,PU-PIQE,PU-LPIPS,HDR-VDP3,CVVDP
25.364669163404443,0.939759646982186,41.51459911067766,0.04253712406053262,7.488477402824443,6.480831623077393
