PU-PSNR,PU-VSI,PU-PIQE,PU-LPIPS,HDR-VDP3,CVVDP
31.411636770828387,0.977366936266151,40.536478516016516,0.022057590567890334,9.272461585038172,7.680635452270508
